1,1,Srita. Teresa Curiel,Valle,35305827,22617909231,1992-04-08,pesparza@abeyta.org,+34 905 16 2552,+34 688 83 1302,"Avinguda Duarte, 7, 7º, 23876, Salvador de Ulla",Soliz del Pozo,Becerra de Arriba,Maldivas,0,2019-11-17 21:50:48,2019-11-17 21:50:48
2,1,Ing. Martina Delgado Segundo,Echevarría,69272406,22389182129,1985-07-15,daniel07@hotmail.com,+34 955-68-6997,+34 649 42 7000,"Ronda Matías, 3, Entre suelo 7º, 14333, Vall Anguiano",Vall Pelayo de Lemos,Alicea del Vallès,Brasil,0,2019-11-17 21:50:48,2019-11-17 21:50:48
3,1,Marina Tirado,De la Fuente,57086312,20760022181,1994-09-04,franciscojavier.garica@gurule.com.es,618 114522,931-13-3027,"Ruela Mesa, 1, 7º A, 01234, Os Salinas",El Andrés,Vall Montenegro,Barbados,0,2019-11-17 21:50:48,2019-11-17 21:50:48
4,1,Lucía Zamora Tercero,Viera,10379833,22920908051,1973-09-26,gamez.rocio@yahoo.com,+34 992-02-0385,947-244130,"Passeig Elsa, 935, 5º B, 05842, L' Salinas",Saavedra del Mirador,Cornejo de Lemos,Ucrania,0,2019-11-17 21:50:48,2019-11-17 21:50:48
5,1,Iván Roldán,Corona,52715009,21256612839,1982-09-22,beatriz.casanova@yahoo.es,+34 659 84 1326,977-79-8146,"Passeig Noa, 437, 6º E, 65494, Os Burgos",Os Castaño,Gaitán del Vallès,Malaui,0,2019-11-17 21:50:48,2019-11-17 21:50:48
6,1,Ing. Zoe Rivas,Ferrer,88244805,21631746471,1998-11-28,pablo.serra@esparza.es,615-81-7963,+34 941 70 3088,"Camiño José Antonio, 09, 0º E, 62955, Vall Nieves",El Concepción de Arriba,Ortíz Alta,Siria,0,2019-11-17 21:50:48,2019-11-17 21:50:48
7,1,Lic. Guillem Velázquez Tercero,Jaime,45610609,22345513689,1994-07-12,adriana.alvarez@live.com,+34 667 641120,+34 644-577717,"Carrer Aitana, 685, 8º, 21411, Las Noriega",O Morán de Ulla,L' Duran Baja,Gabón,0,2019-11-17 21:50:48,2019-11-17 21:50:48
8,1,Ing. Andrés Valencia,Rosales,26775023,21528811167,1966-04-24,corosco@hispavista.com,946876568,664464122,"Passeig Merino, 34, 8º C, 34889, As Collado",Salcido del Pozo,Las Burgos,Malaui,0,2019-11-17 21:50:48,2019-11-17 21:50:48
9,1,Mireia Tamayo,Malave,29262158,21901095391,1994-04-10,olivia11@yahoo.com,664994534,+34 990-046883,"Carrer Iria, 09, 2º, 49822, Vall Rael del Bages",Os Villareal de la Sierra,La Hurtado,Lesoto,0,2019-11-17 21:50:48,2019-11-17 21:50:48
10,1,Nadia Caballero Segundo,Morán,96995175,22608043811,1994-08-11,africa20@terra.com,+34 625 88 2939,+34 634-876511,"Carrer Rocío, 818, 22º F, 08690, Caballero del Pozo",L' Casado Baja,Córdoba del Vallès,Canadá,0,2019-11-17 21:50:48,2019-11-17 21:50:48
11,1,Sr. Leo Delapaz Segundo,Vera,66978651,22134236809,1989-12-25,jorge03@gmail.com,923 29 5031,948 20 8396,"Avinguda Guerra, 75, 0º A, 15135, Villa Pastor de San Pedro",La Zúñiga,Vall Pacheco,Baréin,0,2019-11-17 21:50:48,2019-11-17 21:50:48
12,1,Noelia Camacho Hijo,Morales,51518323,22754085107,1969-05-18,bhinojosa@granados.com.es,+34 676-00-7929,+34 611 93 7204,"Plaça Ávalos, 1, 68º F, 46372, Zarate del Mirador",Os Rodarte,Los Puig del Bages,Bosnia-Herzegovina,0,2019-11-17 21:50:48,2019-11-17 21:50:48
13,1,Sr. Rafael Vigil,Villalba,39686224,22714234877,1968-06-30,torres.abril@aparicio.es,+34 632 59 2869,997 941439,"Praza Peña, 593, 8º D, 56514, Vall Riera Alta",Os Lebrón,As Acosta Medio,Mozambique,0,2019-11-17 21:50:48,2019-11-17 21:50:48
14,1,Ainhoa Negrete,Valdés,24192587,21397676309,1973-12-18,marina76@yahoo.com,604 147560,944 22 8134,"Paseo Montenegro, 571, 6º F, 51197, Navarrete del Bages",Villa Menchaca,Romero Medio,Turkmenistán,0,2019-11-17 21:50:48,2019-11-17 21:50:48
15,1,Martina Alfaro,Godoy,29763633,20562059221,1968-01-15,emma.mora@yahoo.es,663 650549,691397683,"Praza Izan, 8, 20º D, 92365, Galán Baja",As Vargas del Vallès,A Valadez de Lemos,Hungría,0,2019-11-17 21:50:48,2019-11-17 21:50:48
16,1,José Manuel Sandoval,Solorio,88371120,22894140899,1997-03-03,ainara.munguia@almaraz.es,658 86 1580,699499365,"Ruela Leyva, 189, Entre suelo 8º, 78568, San Alonzo Baja",O Gaitán de Lemos,L' Puente,Islas Salomón,0,2019-11-17 21:50:48,2019-11-17 21:50:48
17,1,Iria Marín,Vélez,29361414,21787027477,1977-05-21,imoran@cuellar.com,+34 663 751001,+34 678-160660,"Plaza Eva, 5, 7º F, 29646, Os Marín del Penedès",El Granados,Toro del Penedès,Malta,0,2019-11-17 21:50:48,2019-11-17 21:50:48
18,1,Jan Ayala,Domínguez,58192391,21430614821,1992-07-18,bcortes@yahoo.es,+34 632 994754,610061491,"Plaça Armendáriz, 0, 2º C, 57574, Villa Moral de la Sierra",Niño del Pozo,Barrera de Lemos,Costa de Marfil,0,2019-11-17 21:50:48,2019-11-17 21:50:48
19,1,Alexia Chavarría,Reynoso,27301055,21770863627,1970-09-14,aponte.joseantonio@curiel.net,680 61 4790,+34 910 145380,"Camino Aitana, 292, 8º F, 14174, San Simón del Mirador",Os Ledesma,Las Cantú del Bages,Yemen,0,2019-11-17 21:50:48,2019-11-17 21:50:48
20,1,Ariadna Quintanilla,Granados,41566063,20179898569,1984-03-25,orozco.diego@anguiano.org,913 274218,945796552,"Ruela Segura, 8, 3º E, 45769, Preciado del Penedès",Alcaráz Baja,Luque del Vallès,Chile,0,2019-11-17 21:50:48,2019-11-17 21:50:48
21,1,Isabel Sáenz Tercero,Domínguez,82181869,21688045259,1974-08-22,vicente.gerard@yahoo.com,907-222266,+34 613 76 6176,"Avenida Villegas, 722, Ático 5º, 80750, As Arevalo",O Urías del Penedès,Las Nevárez,Rusia,0,2019-11-17 21:50:48,2019-11-17 21:50:48
22,1,Erik Rivera Hijo,Nazario,77155436,21763125497,1985-09-27,tlorenzo@lira.net,693-942285,+34 984-48-4495,"Avenida Terrazas, 18, 84º A, 87107, Vall Quiñónez",Solorzano del Pozo,L' Mendoza Alta,Mónaco,0,2019-11-17 21:50:48,2019-11-17 21:50:48
23,1,Iker Peláez,Reynoso,82474542,20356528777,1981-11-20,joan.salcedo@live.com,+34 987-427879,+34 965 120332,"Calle Bruno, 5, 88º F, 41881, Holguín del Vallès",L' Manzanares,Almonte de Ulla,Corea del Sur,0,2019-11-17 21:50:48,2019-11-17 21:50:48
24,1,Alicia Delgado,Peláez,24969819,20625712039,1984-05-18,jtijerina@gmail.com,+34 950-040388,+34 628 51 2567,"Carrer Vera, 90, Bajo 7º, 27848, Villa Treviño",El Girón del Puerto,Las Olvera,Angola,0,2019-11-17 21:50:48,2019-11-17 21:50:48
25,1,Gabriela Amador,Ordoñez,38109701,20262109629,1990-09-28,pau.segura@valentin.com,+34 923-43-7436,+34 671892965,"Carrer Pau, 980, Ático 2º, 36402, Delatorre de Arriba",Villa Ávalos,O Del Río de las Torres,Malasia,0,2019-11-17 21:50:48,2019-11-17 21:50:48
26,1,Nicolás Serra Segundo,Benítez,23484049,20523846707,1988-08-16,sauceda.jesus@dejesus.com.es,600-75-3127,+34 633-94-9664,"Avenida Leyre, 235, Bajo 7º, 11573, Bermúdez de Arriba",Os Peláez de Lemos,Los Naranjo,Libia,0,2019-11-17 21:50:48,2019-11-17 21:50:48
27,1,Saúl Morales,Navarrete,64642480,21309790097,1989-04-29,valfonso@castillo.es,+34 677149203,+34 668-74-5680,"Avenida Anna, 77, 35º C, 15472, A Alfaro",El Silva,Las Aponte de la Sierra,Nueva Zelanda,0,2019-11-17 21:50:48,2019-11-17 21:50:48
28,1,Héctor Arias,Aguayo,44425966,22212853541,1987-03-22,carrillo.carla@oliver.com,+34 913 35 5780,+34 991-57-2227,"Camiño Sarabia, 97, 53º E, 17109, Valdez Medio",Los Longoria Baja,O Barrera,El Salvador,0,2019-11-17 21:50:48,2019-11-17 21:50:48
29,1,Sra. Laura Baeza Tercero,Delgado,52675987,21834746721,1998-05-20,victor38@vallejo.com.es,+34 635-619913,925-256403,"Ronda Valero, 769, 99º C, 25800, Villa Gimeno del Mirador",As Piñeiro,La Caballero del Mirador,Nepal,0,2019-11-17 21:50:48,2019-11-17 21:50:48
30,1,Sr. Rafael Lovato,Rivera,26817915,20691759291,1965-03-24,feliciano.raquel@montez.es,643-70-8564,+34 976-31-6805,"Avinguda Pizarro, 51, 58º B, 20484, El Alonso del Penedès",Pichardo del Bages,La Olivera,Bulgaria,0,2019-11-17 21:50:48,2019-11-17 21:50:48
31,1,Saúl Luis,Dueñas,24513536,21232854831,1994-11-18,jurado.irene@hispavista.com,+34 630 84 6857,+34 685 504403,"Camiño Izan, 51, 59º D, 24714, As Rosales Medio",Rey del Puerto,Mascareñas de Ulla,Venezuela,0,2019-11-17 21:50:48,2019-11-17 21:50:48
32,1,Miriam Conde,Linares,69224801,20247324161,1991-04-28,feliciano.lola@latinmail.com,+34 677-87-5854,998-514768,"Rúa Luque, 4, 5º D, 30103, Villa Marroquín de Ulla",Aguilera de Lemos,Ortega del Vallès,Chad,0,2019-11-17 21:50:48,2019-11-17 21:50:48
33,1,José Aponte,Rascón,87252433,21316434821,1997-03-13,sergio46@hispavista.com,614-18-2884,+34 658-06-3279,"Praza Adorno, 77, Bajos, 47625, El Parra del Barco",Los Delagarza de Lemos,Os Ríos del Vallès,Argelia,0,2019-11-17 21:50:48,2019-11-17 21:50:48
34,1,Lucía Jáquez,Almanza,13111090,20711804659,1983-02-07,biel.alvarez@vaca.com,604 79 7139,+34 640959594,"Ronda Irene, 0, Ático 5º, 79103, Botello de Arriba",Ibáñez del Puerto,Os Millán de las Torres,España,0,2019-11-17 21:50:48,2019-11-17 21:50:48
35,1,Ariadna Samaniego,Araña,32267712,22327131921,1971-06-26,vrivera@gmail.com,+34 927-98-9053,+34 917 10 9630,"Travessera Omar, 66, 2º F, 36824, Las Abrego",A Verduzco del Puerto,Chacón del Puerto,Cuba,0,2019-11-17 21:50:48,2019-11-17 21:50:48
36,1,José Antonio Armendáriz Segundo,Mares,24300034,22891451921,1989-04-27,jiminez.anna@hotmail.es,948-439039,921686020,"Camiño Avilés, 9, 98º E, 69085, Paz Alta",Os Salvador,Leyva Baja,Eslovaquia,0,2019-11-17 21:50:48,2019-11-17 21:50:48
37,1,Mario Tovar,Escudero,53966336,20576761027,1985-07-05,oscar.pastor@live.com,625662868,908961962,"Paseo Luna, 20, 41º 9º, 82567, Os Esteban del Penedès",Arellano de las Torres,Badillo del Vallès,Nicaragua,0,2019-11-17 21:50:48,2019-11-17 21:50:48
38,1,Aleix Ojeda,Archuleta,62007135,21266395859,1988-11-05,gmarcos@hotmail.es,998-679320,+34 945-40-7562,"Carrer Prado, 628, 00º B, 61530, El Campos de Arriba",Leyva del Bages,Carbajal de Arriba,Dominica,0,2019-11-17 21:50:48,2019-11-17 21:50:48
39,1,Mario Esteve,Serna,46893633,20472356521,1987-12-16,natalia88@latinmail.com,+34 949-47-0043,602 14 1830,"Passeig Jordi, 994, 97º F, 75272, Vergara Alta",San Requena,San Cortés de Lemos,Turkmenistán,0,2019-11-17 21:50:48,2019-11-17 21:50:48
40,1,Dr. José Manuel Puente,Heredia,11827179,20480718479,1984-07-15,hernadez.angela@vergara.es,+34 922 890054,968-232683,"Ruela Marina, 699, 5º 0º, 07495, San Laboy",Villa Vélez,Banda del Mirador,Vanuatu,0,2019-11-17 21:50:48,2019-11-17 21:50:48
41,1,Sara Espinosa,Reyna,55351882,20967809077,1981-02-04,corrales.sofia@escobar.com,+34 941-856564,+34 685-790502,"Avinguda Claudia, 4, 1º D, 15776, Villa Cabrera",La Aguayo de Ulla,A Leal,Nueva Zelanda,0,2019-11-17 21:50:48,2019-11-17 21:50:48
42,1,Oliver Arce,Riera,37086584,20916581651,1966-08-25,cgurule@latinmail.com,952-07-4585,+34 910-387952,"Rúa Bañuelos, 3, 7º, 86892, Los Sarabia de San Pedro",Los Méndez del Penedès,Lovato de la Sierra,Birmania,0,2019-11-17 21:50:48,2019-11-17 21:50:48
43,1,Dr. Aroa Cabán Segundo,Melgar,43121859,21738815107,1965-08-23,aledesma@gurule.com.es,+34 674 36 9703,973 10 9961,"Camiño Matos, 89, 63º F, 29362, El Gastélum del Penedès",Os Sandoval,Pedroza del Mirador,Barbados,0,2019-11-17 21:50:48,2019-11-17 21:50:48
44,1,Leo Mateo,Godoy,70621368,21108407599,1967-12-22,yrosa@latinmail.com,+34 601-879421,+34 960-510110,"Plaza Jon, 551, 9º 9º, 77538, Os Zepeda de Lemos",El Luque del Vallès,Navarrete del Puerto,Burundi,0,2019-11-17 21:50:48,2019-11-17 21:50:48
45,1,Adrián Benavídez,Morán,91323801,21476970439,1994-04-14,pol.clemente@gmail.com,967-278813,+34 655-862967,"Avinguda Berríos, 6, 2º D, 93486, Maya de San Pedro",Las Marroquín del Barco,O Calderón,Albania,0,2019-11-17 21:50:48,2019-11-17 21:50:48
46,1,Cristina Guerrero,Muñoz,63771287,22983919669,1989-04-10,urena.marco@cabrera.es,920750281,+34 673-21-3438,"Avenida Mascareñas, 061, Bajos, 96035, Rocha del Vallès",Lebrón de Lemos,Delarosa del Mirador,Costa Rica,0,2019-11-17 21:50:48,2019-11-17 21:50:48
47,1,Aleix Cabello,Ortíz,50060514,21304977339,1993-09-15,mcasado@barreto.com,+34 607 017422,+34 679800807,"Paseo Nuria, 9, Entre suelo 7º, 84627, Escobar del Bages",Tafoya del Vallès,San Acuña del Vallès,Yibuti,0,2019-11-17 21:50:48,2019-11-17 21:50:48
48,1,Rubén Quiroz,Gallardo,81643532,21571779857,1994-03-31,rojo.miguel@gmail.com,937 40 1906,+34 640-41-7161,"Plaza Ander, 269, 00º F, 19796, Valenzuela del Bages",O Malave del Barco,La de Anda,Sudáfrica,0,2019-11-17 21:50:48,2019-11-17 21:50:48
49,1,Jesús Cerda,Pichardo,45949938,21556995347,1995-08-09,martin65@gmail.com,+34 685-015111,+34 915 963516,"Plaça Vera, 34, Entre suelo 4º, 65439, A Ríos de San Pedro",Os Verdugo,Vall Martos,Malaui,0,2019-11-17 21:50:48,2019-11-17 21:50:48
50,1,Aitana Figueroa Hijo,Lomeli,72346687,22991323649,1988-03-22,daniel.ruiz@latinmail.com,+34 958 60 8564,641-000266,"Calle Leyre, 9, 25º B, 93049, Las Guevara de Ulla",Requena Alta,La Rolón,Kiribati,0,2019-11-17 21:50:48,2019-11-17 21:50:48
51,1,Iván Guevara,Prado,68805308,21648908747,1997-11-01,adriana84@gmail.com,+34 977-94-1641,999223990,"Ronda Mar, 8, 06º E, 23971, O Arias",Las Riojas,Vélez de las Torres,Burkina Faso,0,2019-11-17 21:50:48,2019-11-17 21:50:48
52,1,Dr. Aitana Escobedo Tercero,Alcántar,89915008,22345649941,1991-03-03,saucedo.marcos@hotmail.com,+34 685-454573,900499518,"Ronda Blázquez, 9, Bajos, 48607, A Molina del Puerto",Vall Zarate del Pozo,Vall Villagómez,Panamá,0,2019-11-17 21:50:48,2019-11-17 21:50:48
53,1,Sra. Yaiza Corona,Rosales,63648491,22154321001,1997-11-08,ploya@anaya.com,979-32-3143,699-28-8774,"Ronda Vega, 31, 3º F, 04642, San Roca de Ulla",O Plaza de Arriba,Esteban de Ulla,Armenia,0,2019-11-17 21:50:48,2019-11-17 21:50:48
54,1,Ian Mercado Hijo,Alejandro,97580807,22615546539,1983-03-29,bjimenez@yahoo.com,965293855,620-017723,"Rúa Olivia, 31, 64º 0º, 08578, La Clemente",Los Villaseñor de Ulla,A Rael,Chile,0,2019-11-17 21:50:48,2019-11-17 21:50:48
55,1,Gael Fuentes,Olivárez,19415228,21798737491,1966-11-22,melgar.carmen@gmail.com,+34 998731796,+34 954 81 4259,"Ronda Vera, 60, 4º F, 41491, Beltrán del Bages",Madrigal de Arriba,San Arriaga,Mauritania,0,2019-11-17 21:50:48,2019-11-17 21:50:48
56,1,Dr. Nuria Rivera,Concepción,59462498,21670891107,1965-02-04,epalomo@menendez.org,688-437687,669-48-1660,"Plaza Lidia, 7, Entre suelo 2º, 77942, L' Ponce del Pozo",As Barajas,L' Escalante,Níger,0,2019-11-17 21:50:48,2019-11-17 21:50:48
57,1,Mar Castillo,Bermejo,21516289,22329906217,1968-12-11,omenendez@hispavista.com,952196607,978-93-3904,"Rúa Verdugo, 4, Entre suelo 2º, 82610, Los Elizondo de Lemos",El Castaño,O Serrato de San Pedro,Barbados,0,2019-11-17 21:50:48,2019-11-17 21:50:48
58,1,Dr. Jesús Arevalo,Rosario,35036584,22667938869,1987-07-01,paula49@hispavista.com,+34 927-01-1573,+34 934 00 9734,"Calle Cristian, 2, Bajos, 95554, Altamirano de las Torres",La Mayorga,Amador de Ulla,Bolivia,0,2019-11-17 21:50:48,2019-11-17 21:50:48
59,1,Erik Mesa,Guerrero,76030494,22990167479,1995-02-05,nahia.villalba@rios.net,+34 935 26 1868,+34 669-49-4137,"Camino Samuel, 649, 7º F, 90921, El Guzmán",Arguello de Ulla,Quesada de las Torres,Burkina Faso,0,2019-11-17 21:50:48,2019-11-17 21:50:48
60,1,Sra. Teresa Ureña Segundo,Vaca,12880754,21139679987,1989-03-09,zojeda@avalos.com,+34 944-72-8330,+34 900 242535,"Plaza Franco, 40, Bajos, 71143, O Valentín de Lemos",García del Pozo,As Rosado,Turkmenistán,0,2019-11-17 21:50:48,2019-11-17 21:50:48
61,1,Naiara Ávila,Alaniz,36272464,22793123659,1995-03-25,yeray.olivera@santamaria.com,653628096,+34 936725908,"Travesía Erika, 7, 88º D, 52341, De la Torre Medio",Vall Vaca Alta,La Atencio del Pozo,Tayikistán,0,2019-11-17 21:50:48,2019-11-17 21:50:48
62,1,María Beltrán,Ulibarri,27598959,22299772619,1978-12-04,sergio.deleon@aponte.es,+34 631 72 4770,684 72 7106,"Passeig Echevarría, 81, 1º 7º, 21956, As Santamaría",Vásquez Medio,Romero de Arriba,Sierra Leona,0,2019-11-17 21:50:48,2019-11-17 21:50:48
63,1,Sr. Rubén Ibáñez Hijo,Manzanares,35722165,20370054651,1976-02-03,ibarela@hotmail.es,911-47-2012,+34 916 890209,"Rúa Lucas, 369, 3º A, 31167, Os Calderón del Puerto",A Casanova,Gallardo Baja,Madagascar,0,2019-11-17 21:50:48,2019-11-17 21:50:48
64,1,Luna Franco,Abeyta,53763565,22804049991,1995-12-08,leire80@maya.es,632-015297,+34 987829702,"Camiño Barrientos, 990, 8º 0º, 75251, Nieto de las Torres",Os Otero,Holguín de la Sierra,Islas Salomón,0,2019-11-17 21:50:48,2019-11-17 21:50:48
65,1,Jaime Zayas,Agosto,35946828,22935395571,1993-09-11,wsoler@luna.org,+34 672-279441,+34 632665587,"Carrer Espinal, 8, 39º A, 82174, El Soriano del Barco",El Esquivel,Las Tello,Lesoto,0,2019-11-17 21:50:48,2019-11-17 21:50:48
66,1,Sra. Celia Medina,Puig,70348235,20527528827,1988-07-08,ona18@live.com,691 429650,+34 994 741520,"Carrer Corral, 3, 8º B, 20485, O Barela del Barco",O Cervantes Baja,Villa Águilar de Ulla,Italia,0,2019-11-17 21:50:48,2019-11-17 21:50:48
67,1,Leyre Tirado,Candelaria,42122595,21726353671,1981-06-19,biel71@hotmail.es,920651678,+34 623696231,"Plaça Delatorre, 544, Ático 5º, 05794, San Lira del Pozo",Baeza del Puerto,Granados de Arriba,Yemen,0,2019-11-17 21:50:48,2019-11-17 21:50:48
68,1,Sara Espinoza,Saldaña,93631033,20930629079,1988-08-03,roque.alexandra@yahoo.es,631-51-2050,+34 651-829804,"Paseo Esteban, 501, 7º, 23165, San Mejía de las Torres",A Ros de Arriba,Martí del Vallès,Micronesia,0,2019-11-17 21:50:48,2019-11-17 21:50:48
69,1,Pau Cobo,Trejo,89151916,22402183739,1983-09-15,zaragoza.africa@tovar.com,927-565169,+34 964 44 0631,"Paseo Martí, 8, 6º E, 35097, Las García",Ruíz del Barco,Villa Carrero del Mirador,Guinea-Bisáu,0,2019-11-17 21:50:48,2019-11-17 21:50:48
70,1,Dr. Ismael Casillas Tercero,Solorio,65130707,22731205451,1975-11-17,jan.valenzuela@live.com,+34 614320875,970652185,"Plaça Antonio, 37, 29º A, 58888, Echevarría del Puerto",Vall Morales,El Godoy,Suecia,0,2019-11-17 21:50:48,2019-11-17 21:50:48
71,1,Paola Vélez Hijo,Olivera,76704323,20630974371,1965-07-31,tibarra@angulo.com,917-667492,+34 902 362965,"Praza Raya, 92, 94º C, 39000, Las Arredondo",San Muñiz,O Armas,Nigeria,0,2019-11-17 21:50:48,2019-11-17 21:50:48
72,1,Sr. Ignacio Anaya Hijo,Delrío,49378846,22156223961,1989-02-23,josemanuel01@terra.com,640 18 8947,638 08 5623,"Paseo María, 16, Bajo 8º, 93571, Luque del Pozo",A Sáez,San Holguín de las Torres,Mónaco,0,2019-11-17 21:50:48,2019-11-17 21:50:48
73,1,Eva Zavala Segundo,Iglesias,56985721,21580698147,1965-01-01,marina63@tafoya.es,+34 950-283289,944-86-1255,"Praza Verdugo, 14, 4º B, 67489, Cuesta del Barco",Aragón del Bages,La Ruelas,Rusia,0,2019-11-17 21:50:48,2019-11-17 21:50:48
74,1,Ona Perea Tercero,Ozuna,59198522,20333544047,1969-02-10,aroa.botello@hotmail.es,+34 925142729,+34 626 90 1458,"Travesía Quintanilla, 703, 3º 9º, 26963, Esquibel Baja",Garibay del Mirador,O Castellano Medio,India,0,2019-11-17 21:50:48,2019-11-17 21:50:48
75,1,Vega Varela,Gaitán,68579577,21770809291,1996-04-29,walcala@cordero.net,645 60 4125,903 043741,"Avinguda Salas, 378, Bajo 0º, 46653, Riojas de las Torres",Villa Guevara del Bages,San Rivero de Arriba,Belice,0,2019-11-17 21:50:48,2019-11-17 21:50:48
76,1,Celia Valle,Delatorre,51320580,20971730817,1981-11-03,calero.yeray@olivo.com.es,646003962,+34 630 820059,"Plaça Zambrano, 7, 88º 7º, 14877, El Hernández",Anaya de San Pedro,L' Gracia Baja,Santa Lucía,0,2019-11-17 21:50:48,2019-11-17 21:50:48
77,1,Adriana Arce,Bahena,88751558,22245632589,1997-01-09,jblanco@sisneros.org,+34 600798908,+34 671-27-2274,"Praza Meraz, 87, 14º E, 87151, As Valverde",As Granados Baja,L' Valdez Baja,Santa Lucía,0,2019-11-17 21:50:48,2019-11-17 21:50:48
78,1,Ing. Nahia Fierro,Lebrón,93056395,20871983799,1965-01-22,maria28@terra.com,621 61 1078,681 23 5073,"Camino Ignacio, 2, 60º F, 79572, Vall Benavídez del Bages",Los Llorente de Ulla,O Cuenca Medio,Timor Oriental,0,2019-11-17 21:50:48,2019-11-17 21:50:48
79,1,Ing. Leo Lucio Hijo,Aragón,62268732,22470762649,1997-07-14,sandra51@yahoo.com,+34 940-84-0024,+34 637-000669,"Calle Gerard, 24, 7º 5º, 37773, Os Canales Alta",Jaime del Pozo,La Abeyta del Bages,Bolivia,0,2019-11-17 21:50:48,2019-11-17 21:50:48
80,1,Dn. Ander Tirado Tercero,Juárez,68987105,20382411069,1994-10-05,jorge45@fajardo.es,+34 907 72 9308,954 88 7877,"Paseo Carrero, 51, 45º F, 54457, L' Reina",Fuentes del Penedès,Villa Menéndez Alta,Santo Tomé y Príncipe,0,2019-11-17 21:50:48,2019-11-17 21:50:48
81,1,Natalia Cortés,Núñez,61473835,20379657597,1997-04-05,yalmaraz@terra.com,+34 912 38 5717,+34 931-709932,"Camino Erika, 9, 44º C, 99446, de Anda de San Pedro",Avilés del Barco,La Alfonso,Mónaco,0,2019-11-17 21:50:48,2019-11-17 21:50:48
82,1,Zoe Galván,Barajas,39581854,21173139441,2000-05-20,jaime69@cantu.com,+34 918381748,942 45 6076,"Plaza Nora, 2, 18º B, 17916, El Haro Medio",El Polo,Villa Lovato del Pozo,Moldavia,0,2019-11-17 21:50:48,2019-11-17 21:50:48
83,1,Leire Gimeno,Blasco,13087983,21257617081,1966-10-19,marcos.santiago@meza.org,+34 648-505706,+34 611 962867,"Plaça Marín, 7, 8º E, 11706, O Tamayo del Pozo",San Cerda del Penedès,As Barragán,Belice,0,2019-11-17 21:50:48,2019-11-17 21:50:48
84,1,Inés Botello,Grijalva,78217190,22792174779,1995-10-02,fatima.gastelum@gmail.com,954 860316,+34 655576030,"Calle Pizarro, 455, 53º A, 25883, Villareal de Arriba",Paz de las Torres,Las Murillo,Liechtenstein,0,2019-11-17 21:50:48,2019-11-17 21:50:48
85,1,Roberto Matos,Vera,51033184,21522975989,1994-12-11,joan.varela@parra.net,973 684600,+34 941 879526,"Camiño Esquivel, 1, 31º F, 25174, El Concepción del Puerto",Los Dávila,La Suárez,Islas Salomón,0,2019-11-17 21:50:48,2019-11-17 21:50:48
86,1,Luis Almaráz,Acosta,59735552,22721183961,1973-03-04,biel14@torrez.com,+34 698 841322,+34 912-71-1023,"Ronda Millán, 455, 66º E, 85261, Los Laboy Alta",La Gutiérrez del Penedès,El Roca del Pozo,Argelia,0,2019-11-17 21:50:48,2019-11-17 21:50:48
87,1,Fátima Ibáñez,Camacho,72304096,20994645509,1970-05-30,adrian.duarte@hispavista.com,610-562672,+34 683 20 9088,"Paseo Reynoso, 928, 96º A, 64920, Báez de Ulla",Los Cuevas Medio,Villa Bustamante de la Sierra,Moldavia,0,2019-11-17 21:50:48,2019-11-17 21:50:48
88,1,Cristian Tello,Varela,15045417,20561428821,2000-07-31,diaz.helena@carbonell.es,955588253,+34 952-296933,"Avinguda Delatorre, 695, 0º 4º, 89307, Casado del Puerto",La Quiñónez,O Cabello,Camboya,0,2019-11-17 21:50:48,2019-11-17 21:50:48
89,1,Biel Solorio,Cárdenas,89286614,21431740627,1996-07-28,solis.marta@toro.net,+34 931-345669,930002242,"Plaça Báez, 3, Ático 5º, 61272, A Nevárez",Vall Cedillo,Pons del Penedès,Lesoto,0,2019-11-17 21:50:48,2019-11-17 21:50:48
90,1,Lic. Oriol Ceballos,Monroy,69463717,21630934987,1984-11-03,rpolanco@castellano.es,663 97 3983,+34 956 96 8609,"Camiño Marcos, 65, 70º D, 30369, L' Ceballos",La Zapata,O Venegas del Puerto,Sudáfrica,0,2019-11-17 21:50:48,2019-11-17 21:50:48
91,1,Daniela Marroquín,Mireles,67066155,21581000099,1968-04-09,grodriquez@adame.com,696-51-3226,+34 659-55-5070,"Avinguda Córdoba, 59, 9º F, 08165, Las Armenta",A Rey,L' Atencio de las Torres,Birmania,0,2019-11-17 21:50:48,2019-11-17 21:50:48
92,1,Dn. Pol Ordoñez Tercero,Lara,88575663,21998673181,1984-04-28,farana@trujillo.com,616 12 2807,672 53 9688,"Praza Quintanilla, 2, 0º D, 72464, San Rosales de Ulla",El Carrero del Bages,Chávez de la Sierra,Pakistán,0,2019-11-17 21:50:48,2019-11-17 21:50:48
93,1,Sra. Salma Contreras Tercero,Amaya,63776889,22999257667,1986-09-26,teresa88@ojeda.es,+34 666604612,+34 979-018087,"Paseo Abril, 1, Bajo 5º, 36013, El Melgar Alta",Vall Rincón del Barco,Los Aguirre,Italia,0,2019-11-17 21:50:48,2019-11-17 21:50:48
94,1,Carlos Saiz,Leiva,36862695,21551565897,1968-06-22,fsoriano@jimenez.org,+34 621 201728,+34 970-11-9997,"Avinguda Claudia, 710, Bajos, 42285, Vall Saiz del Pozo",Villa Montemayor del Bages,Vall Jurado del Puerto,Cabo Verde,0,2019-11-17 21:50:48,2019-11-17 21:50:48
95,1,Srita. Alicia Muñoz,Guerra,14435565,20403762239,1997-12-03,velasco.dario@yahoo.com,+34 962 28 2640,+34 697 44 6334,"Paseo Eduardo, 524, 41º D, 24141, Os Longoria del Mirador",Las Amador,L' Concepción,Comoras,0,2019-11-17 21:50:48,2019-11-17 21:50:48
96,1,Carlos Aguayo,Guevara,64322519,21812111769,1973-12-23,aroybal@pineda.com,+34 679-841804,+34 904 26 1149,"Passeig Adam, 655, 2º B, 68669, Cárdenas del Puerto",Sandoval del Penedès,Paz de la Sierra,Cabo Verde,0,2019-11-17 21:50:48,2019-11-17 21:50:48
97,1,Sra. Erika Morales,Mora,15110747,20161435437,1988-05-21,escalante.sofia@villareal.org,+34 641 41 0508,+34 679-76-6302,"Ruela Mata, 87, 9º C, 45266, San Bravo",As Cortés de las Torres,Brito de la Sierra,Mali,0,2019-11-17 21:50:48,2019-11-17 21:50:48
98,1,Pau Escobar,Serra,74578926,20154593167,1976-01-17,jcordero@terra.com,613-739730,+34 680 17 1067,"Camino Villegas, 108, 3º C, 72741, San Vargas",O Marco de Arriba,Merino del Mirador,Ecuador,0,2019-11-17 21:50:48,2019-11-17 21:50:48
99,1,Marcos Alanis Segundo,Prado,23594254,21155642111,1967-10-12,ttrujillo@hotmail.es,990-58-8139,+34 674 945693,"Plaça Francisco Javier, 94, 4º D, 30173, Más del Mirador",Os De la Torre del Pozo,Vall Botello del Mirador,Guinea,0,2019-11-17 21:50:48,2019-11-17 21:50:48
100,1,Omar Navas,Rodríguez,88490198,22240823301,1970-04-30,mercado.gael@conde.com,+34 661-19-4736,600583922,"Camiño Garica, 81, 98º D, 63700, L' Bonilla",L' Sánchez,Fierro de San Pedro,Bangladés,0,2019-11-17 21:50:48,2019-11-17 21:50:48
